[{"value":"#171717","type":"color","filePath":"tokens/dark.json","isSource":true,"original":{"value":"#171717","type":"color"},"name":"theme-bg-default","attributes":{"category":"theme","type":"bg","item":"default"},"path":["theme","bg","default"]},{"value":"#323232","type":"color","filePath":"tokens/dark.json","isSource":true,"original":{"value":"#323232","type":"color"},"name":"theme-bg-subtle","attributes":{"category":"theme","type":"bg","item":"subtle"},"path":["theme","bg","subtle"]},{"value":"#757575","type":"color","filePath":"tokens/dark.json","isSource":true,"original":{"value":"#757575","type":"color"},"name":"theme-bg-muted","attributes":{"category":"theme","type":"bg","item":"muted"},"path":["theme","bg","muted"]},{"value":"#ffffff","type":"color","filePath":"tokens/dark.json","isSource":true,"original":{"value":"#ffffff","type":"color"},"name":"theme-fg-default","attributes":{"category":"theme","type":"fg","item":"default"},"path":["theme","fg","default"]},{"value":"#ffffff","type":"color","filePath":"tokens/dark.json","isSource":true,"original":{"value":"#ffffff","type":"color"},"name":"theme-fg-on-accent","attributes":{"category":"theme","type":"fg","item":"onAccent"},"path":["theme","fg","onAccent"]},{"value":"#eeeeee","type":"color","filePath":"tokens/dark.json","isSource":true,"original":{"value":"#eeeeee","type":"color"},"name":"theme-fg-muted","attributes":{"category":"theme","type":"fg","item":"muted"},"path":["theme","fg","muted"]},{"value":"#9e9e9e","type":"color","filePath":"tokens/dark.json","isSource":true,"original":{"value":"#9e9e9e","type":"color"},"name":"theme-fg-subtle","attributes":{"category":"theme","type":"fg","item":"subtle"},"path":["theme","fg","subtle"]},{"value":"#3d53f5","type":"color","filePath":"tokens/dark.json","isSource":true,"original":{"value":"#3d53f5","type":"color"},"name":"theme-accent-default","attributes":{"category":"theme","type":"accent","item":"default"},"path":["theme","accent","default"]},{"value":"#060818","type":"color","filePath":"tokens/dark.json","isSource":true,"original":{"value":"#060818","type":"color"},"name":"theme-accent-subtle","attributes":{"category":"theme","type":"accent","item":"subtle"},"path":["theme","accent","subtle"]}]