[{"value":"#171717","type":"color","filePath":"tokens/global.json","isSource":true,"original":{"value":"#171717","type":"color"},"name":"colors-black","attributes":{"category":"colors","type":"black"},"path":["colors","black"]},{"value":"#ffffff","type":"color","filePath":"tokens/global.json","isSource":true,"original":{"value":"#ffffff","type":"color"},"name":"colors-white","attributes":{"category":"colors","type":"white"},"path":["colors","white"]},{"value":"#FFF5F7","type":"color","filePath":"tokens/global.json","isSource":true,"original":{"value":"#FFF5F7","type":"color"},"name":"colors-red-50","attributes":{"category":"colors","type":"red","item":"50"},"path":["colors","red","50"]},{"value":"#fce8ec","type":"color","filePath":"tokens/global.json","isSource":true,"original":{"value":"#fce8ec","type":"color"},"name":"colors-red-100","attributes":{"category":"colors","type":"red","item":"100"},"path":["colors","red","100"]},{"value":"#f9d0d9","type":"color","filePath":"tokens/global.json","isSource":true,"original":{"value":"#f9d0d9","type":"color"},"name":"colors-red-200","attributes":{"category":"colors","type":"red","item":"200"},"path":["colors","red","200"]},{"value":"#f2a2b3","type":"color","filePath":"tokens/global.json","isSource":true,"original":{"value":"#f2a2b3","type":"color"},"name":"colors-red-300","attributes":{"category":"colors","type":"red","item":"300"},"path":["colors","red","300"]},{"value":"#e95c7b","type":"color","filePath":"tokens/global.json","isSource":true,"original":{"value":"#e95c7b","type":"color"},"name":"colors-red-400","attributes":{"category":"colors","type":"red","item":"400"},"path":["colors","red","400"]},{"value":"#df1642","type":"color","filePath":"tokens/global.json","isSource":true,"original":{"value":"#df1642","type":"color"},"name":"colors-red-500","attributes":{"category":"colors","type":"red","item":"500"},"path":["colors","red","500"]},{"value":"#9c0f2e","type":"color","filePath":"tokens/global.json","isSource":true,"original":{"value":"#9c0f2e","type":"color"},"name":"colors-red-600","attributes":{"category":"colors","type":"red","item":"600"},"path":["colors","red","600"]},{"value":"#59091a","type":"color","filePath":"tokens/global.json","isSource":true,"original":{"value":"#59091a","type":"color"},"name":"colors-red-700","attributes":{"category":"colors","type":"red","item":"700"},"path":["colors","red","700"]},{"value":"#2d040d","type":"color","filePath":"tokens/global.json","isSource":true,"original":{"value":"#2d040d","type":"color"},"name":"colors-red-800","attributes":{"category":"colors","type":"red","item":"800"},"path":["colors","red","800"]},{"value":"#160207","type":"color","filePath":"tokens/global.json","isSource":true,"original":{"value":"#160207","type":"color"},"name":"colors-red-900","attributes":{"category":"colors","type":"red","item":"900"},"path":["colors","red","900"]},{"value":"#100105","type":"color","filePath":"tokens/global.json","isSource":true,"original":{"value":"#100105","type":"color"},"name":"colors-red-950","attributes":{"category":"colors","type":"red","item":"950"},"path":["colors","red","950"]},{"value":"#eceefe","type":"color","filePath":"tokens/global.json","isSource":true,"original":{"value":"#eceefe","type":"color"},"name":"colors-blue-50","attributes":{"category":"colors","type":"blue","item":"50"},"path":["colors","blue","50"]},{"value":"#d8ddfd","type":"color","filePath":"tokens/global.json","isSource":true,"original":{"value":"#d8ddfd","type":"color"},"name":"colors-blue-100","attributes":{"category":"colors","type":"blue","item":"100"},"path":["colors","blue","100"]},{"value":"#b1bafb","type":"color","filePath":"tokens/global.json","isSource":true,"original":{"value":"#b1bafb","type":"color"},"name":"colors-blue-200","attributes":{"category":"colors","type":"blue","item":"200"},"path":["colors","blue","200"]},{"value":"#8b98f9","type":"color","filePath":"tokens/global.json","isSource":true,"original":{"value":"#8b98f9","type":"color"},"name":"colors-blue-300","attributes":{"category":"colors","type":"blue","item":"300"},"path":["colors","blue","300"]},{"value":"#6475f7","type":"color","filePath":"tokens/global.json","isSource":true,"original":{"value":"#6475f7","type":"color"},"name":"colors-blue-400","attributes":{"category":"colors","type":"blue","item":"400"},"path":["colors","blue","400"]},{"value":"#3d53f5","type":"color","filePath":"tokens/global.json","isSource":true,"original":{"value":"#3d53f5","type":"color"},"name":"colors-blue-500","attributes":{"category":"colors","type":"blue","item":"500"},"path":["colors","blue","500"]},{"value":"#3142c4","type":"color","filePath":"tokens/global.json","isSource":true,"original":{"value":"#3142c4","type":"color"},"name":"colors-blue-600","attributes":{"category":"colors","type":"blue","item":"600"},"path":["colors","blue","600"]},{"value":"#253293","type":"color","filePath":"tokens/global.json","isSource":true,"original":{"value":"#253293","type":"color"},"name":"colors-blue-700","attributes":{"category":"colors","type":"blue","item":"700"},"path":["colors","blue","700"]},{"value":"#182162","type":"color","filePath":"tokens/global.json","isSource":true,"original":{"value":"#182162","type":"color"},"name":"colors-blue-800","attributes":{"category":"colors","type":"blue","item":"800"},"path":["colors","blue","800"]},{"value":"#0c1131","type":"color","filePath":"tokens/global.json","isSource":true,"original":{"value":"#0c1131","type":"color"},"name":"colors-blue-900","attributes":{"category":"colors","type":"blue","item":"900"},"path":["colors","blue","900"]},{"value":"#060818","type":"color","filePath":"tokens/global.json","isSource":true,"original":{"value":"#060818","type":"color"},"name":"colors-blue-950","attributes":{"category":"colors","type":"blue","item":"950"},"path":["colors","blue","950"]},{"value":"#fcfcfc","type":"color","filePath":"tokens/global.json","isSource":true,"original":{"value":"#fcfcfc","type":"color"},"name":"colors-grey-50","attributes":{"category":"colors","type":"grey","item":"50"},"path":["colors","grey","50"]},{"value":"#f5f5f5","type":"color","filePath":"tokens/global.json","isSource":true,"original":{"value":"#f5f5f5","type":"color"},"name":"colors-grey-100","attributes":{"category":"colors","type":"grey","item":"100"},"path":["colors","grey","100"]},{"value":"#eeeeee","type":"color","filePath":"tokens/global.json","isSource":true,"original":{"value":"#eeeeee","type":"color"},"name":"colors-grey-200","attributes":{"category":"colors","type":"grey","item":"200"},"path":["colors","grey","200"]},{"value":"#e0e0e0","type":"color","filePath":"tokens/global.json","isSource":true,"original":{"value":"#e0e0e0","type":"color"},"name":"colors-grey-300","attributes":{"category":"colors","type":"grey","item":"300"},"path":["colors","grey","300"]},{"value":"#bdbdbd","type":"color","filePath":"tokens/global.json","isSource":true,"original":{"value":"#bdbdbd","type":"color"},"name":"colors-grey-400","attributes":{"category":"colors","type":"grey","item":"400"},"path":["colors","grey","400"]},{"value":"#9e9e9e","type":"color","filePath":"tokens/global.json","isSource":true,"original":{"value":"#9e9e9e","type":"color"},"name":"colors-grey-500","attributes":{"category":"colors","type":"grey","item":"500"},"path":["colors","grey","500"]},{"value":"#757575","type":"color","filePath":"tokens/global.json","isSource":true,"original":{"value":"#757575","type":"color"},"name":"colors-grey-600","attributes":{"category":"colors","type":"grey","item":"600"},"path":["colors","grey","600"]},{"value":"#616161","type":"color","filePath":"tokens/global.json","isSource":true,"original":{"value":"#616161","type":"color"},"name":"colors-grey-700","attributes":{"category":"colors","type":"grey","item":"700"},"path":["colors","grey","700"]},{"value":"#424242","type":"color","filePath":"tokens/global.json","isSource":true,"original":{"value":"#424242","type":"color"},"name":"colors-grey-800","attributes":{"category":"colors","type":"grey","item":"800"},"path":["colors","grey","800"]},{"value":"#323232","type":"color","filePath":"tokens/global.json","isSource":true,"original":{"value":"#323232","type":"color"},"name":"colors-grey-900","attributes":{"category":"colors","type":"grey","item":"900"},"path":["colors","grey","900"]},{"value":"#212121","type":"color","filePath":"tokens/global.json","isSource":true,"original":{"value":"#212121","type":"color"},"name":"colors-grey-950","attributes":{"category":"colors","type":"grey","item":"950"},"path":["colors","grey","950"]}]