{
  "colors": {
    "black": {
      "value": "#171717",
      "type": "color"
    },
    "white": {
      "value": "#ffffff",
      "type": "color"
    },
    "red": {
      "50": {
        "value": "#FFF5F7",
        "type": "color"
      },
      "100": {
        "value": "#fce8ec",
        "type": "color"
      },
      "200": {
        "value": "#f9d0d9",
        "type": "color"
      },
      "300": {
        "value": "#f2a2b3",
        "type": "color"
      },
      "400": {
        "value": "#e95c7b",
        "type": "color"
      },
      "500": {
        "value": "#df1642",
        "type": "color"
      },
      "600": {
        "value": "#9c0f2e",
        "type": "color"
      },
      "700": {
        "value": "#59091a",
        "type": "color"
      },
      "800": {
        "value": "#2d040d",
        "type": "color"
      },
      "900": {
        "value": "#160207",
        "type": "color"
      },
      "950": {
        "value": "#100105",
        "type": "color"
      }
    },
    "blue": {
      "50": {
        "value": "#eceefe",
        "type": "color"
      },
      "100": {
        "value": "#d8ddfd",
        "type": "color"
      },
      "200": {
        "value": "#b1bafb",
        "type": "color"
      },
      "300": {
        "value": "#8b98f9",
        "type": "color"
      },
      "400": {
        "value": "#6475f7",
        "type": "color"
      },
      "500": {
        "value": "#3d53f5",
        "type": "color"
      },
      "600": {
        "value": "#3142c4",
        "type": "color"
      },
      "700": {
        "value": "#253293",
        "type": "color"
      },
      "800": {
        "value": "#182162",
        "type": "color"
      },
      "900": {
        "value": "#0c1131",
        "type": "color"
      },
      "950": {
        "value": "#060818",
        "type": "color"
      }
    },
    "grey": {
      "50": {
        "value": "#fcfcfc",
        "type": "color"
      },
      "100": {
        "value": "#f5f5f5",
        "type": "color"
      },
      "200": {
        "value": "#eeeeee",
        "type": "color"
      },
      "300": {
        "value": "#e0e0e0",
        "type": "color"
      },
      "400": {
        "value": "#bdbdbd",
        "type": "color"
      },
      "500": {
        "value": "#9e9e9e",
        "type": "color"
      },
      "600": {
        "value": "#757575",
        "type": "color"
      },
      "700": {
        "value": "#616161",
        "type": "color"
      },
      "800": {
        "value": "#424242",
        "type": "color"
      },
      "900": {
        "value": "#323232",
        "type": "color"
      },
      "950": {
        "value": "#212121",
        "type": "color"
      }
    }
  }
}